[
    {
        "slug": "corn",
        "name": "Corn",
        "cost": 5,
        "price": 17,
        "waterings": 3,
        "watertime": 120,
        "reallywatertime": 1440,
        "dehydrationtime": 1440,
        "ripentime": 120,
        "overripentime": 1440,
        "rottime": 1440
    },
    {
        "slug": "tomatoes",
        "name": "Tomatoes",
        "cost": 3,
        "price": 14,
        "waterings": 5,
        "watertime": 60,
        "reallywatertime": 720,
        "dehydrationtime": 720,
        "ripentime": 60,
        "overripentime": 720,
        "rottime": 720
    },
    {
        "slug": "beans",
        "name": "Beans",
        "cost": 4,
        "price": 12,
        "waterings": 2,
        "watertime": 240,
        "reallywatertime": 1440,
        "dehydrationtime": 1440,
        "ripentime": 240,
        "overripentime": 720,
        "rottime": 720
    },
    {
        "slug": "strawberries",
        "name": "Strawberries",
        "cost": 6,
        "price": 25,
        "waterings": 4,
        "watertime": 120,
        "reallywatertime": 1440,
        "dehydrationtime": 1440,
        "ripentime": 60,
        "overripentime": 720,
        "rottime": 720
    },
    {
        "slug": "wheat",
        "name": "Wheat",
        "cost": 6,
        "price": 16,
        "waterings": 2,
        "watertime": 120,
        "reallywatertime": 1440,
        "dehydrationtime": 1440,
        "ripentime": 240,
        "overripentime": 720,
        "rottime": 360
    },
    {
        "slug": "beets",
        "name": "Beets",
        "cost": 2,
        "price": 8,
        "waterings": 4,
        "watertime": 240,
        "reallywatertime": 720,
        "dehydrationtime": 720,
        "ripentime": 120,
        "overripentime": 1440,
        "rottime": 1440
    },
    {
        "slug": "pumpkins",
        "name": "Pumpkins",
        "cost": 3,
        "price": 11,
        "waterings": 3,
        "watertime": 120,
        "reallywatertime": 720,
        "dehydrationtime": 720,
        "ripentime": 120,
        "overripentime": 1440,
        "rottime": 1440
    },
    {
        "slug": "potatoes",
        "name": "Potatoes",
        "cost": 5,
        "price": 22,
        "waterings": 5,
        "watertime": 120,
        "reallywatertime": 360,
        "dehydrationtime": 360,
        "ripentime": 120,
        "overripentime": 720,
        "rottime": 720
    },
    {
        "slug": "bellpeppers",
        "name": "Bell Peppers",
        "cost": 4,
        "price": 23,
        "waterings": 5,
        "watertime": 120,
        "reallywatertime": 720,
        "dehydrationtime": 720,
        "ripentime": 120,
        "overripentime": 720,
        "rottime": 720
    },
    {
        "slug": "onions",
        "name": "Onions",
        "cost": 3,
        "price": 12,
        "waterings": 6,
        "watertime": 360,
        "reallywatertime": 1440,
        "dehydrationtime": 1440,
        "ripentime": 360,
        "overripentime": 1440,
        "rottime": 1440
    },
   {
        "slug": "chilipeppers",
        "name": "Chili Peppers",
        "cost": 5,
        "price": 26,
        "waterings": 5,
        "watertime": 120,
        "reallywatertime": 720,
        "dehydrationtime": 720,
        "ripentime": 120,
        "overripentime": 360,
        "rottime": 360
    }
]
